-- ═══════════════════════════════════════════════════════════════
-- ETRA Training Portal — Seed Data (RFC-4122 Compliant UUIDs)
-- ═══════════════════════════════════════════════════════════════

-- Enable pgcrypto extension for password hashing
CREATE EXTENSION IF NOT EXISTS pgcrypto;

-- ── 1. Clean existing data (Optional, for clean seed)
TRUNCATE auth.users CASCADE;
TRUNCATE public.training_weeks CASCADE;
TRUNCATE public.tickets CASCADE;
TRUNCATE public.announcements CASCADE;

-- ── 2. Insert Users into auth.users
-- This will automatically trigger handle_new_user() to insert into public.profiles
-- Note: 'aud' must be set to 'authenticated' and 'confirmed_at' must be set for GoTrue.
INSERT INTO auth.users (
  id,
  instance_id,
  email,
  encrypted_password,
  email_confirmed_at,
  raw_app_meta_data,
  raw_user_meta_data,
  is_super_admin,
  role,
  aud,
  created_at,
  updated_at
)
VALUES 
  (
    '00000000-0000-0000-0000-000000000001', 
    '00000000-0000-0000-0000-000000000000', 
    'rayan@etra.sa', 
    crypt('Admin@ETRA2024', gen_salt('bf')), 
    now(), 
    '{"provider":"email","providers":["email"]}', 
    '{"full_name":"ريان البلاوي","role":"admin"}', 
    false, 
    'authenticated', 
    'authenticated', 
    now(), 
    now()
  ),
  (
    '00000000-0000-0000-0000-000000000002', 
    '00000000-0000-0000-0000-000000000000', 
    'laujeen@etra.sa', 
    crypt('Trainee@2024', gen_salt('bf')), 
    now(), 
    '{"provider":"email","providers":["email"]}', 
    '{"full_name":"لوجين محمد","role":"trainee"}', 
    false, 
    'authenticated', 
    'authenticated', 
    now(), 
    now()
  ),
  (
    '00000000-0000-0000-0000-000000000003', 
    '00000000-0000-0000-0000-000000000000', 
    'shaza@etra.sa', 
    crypt('Trainee@2024', gen_salt('bf')), 
    now(), 
    '{"provider":"email","providers":["email"]}', 
    '{"full_name":"شذى عبد الله","role":"trainee"}', 
    false, 
    'authenticated', 
    'authenticated', 
    now(), 
    now()
  ),
  (
    '00000000-0000-0000-0000-000000000004', 
    '00000000-0000-0000-0000-000000000000', 
    'raghad@etra.sa', 
    crypt('Trainee@2024', gen_salt('bf')), 
    now(), 
    '{"provider":"email","providers":["email"]}', 
    '{"full_name":"رغد علي","role":"trainee"}', 
    false, 
    'authenticated', 
    'authenticated', 
    now(), 
    now()
  );

-- ── 2a. Fix NULL tokens for GoTrue
-- Supabase GoTrue throws a 500 error on login if these columns are NULL instead of empty strings.
UPDATE auth.users 
SET confirmation_token = '',
    recovery_token = '',
    email_change_token_new = '',
    email_change = ''
WHERE confirmation_token IS NULL OR recovery_token IS NULL;

-- ── 2b. Insert Identities into auth.identities
-- This is strictly required by newer versions of Supabase Auth to recognize the user provider link.
INSERT INTO auth.identities (
  id,
  provider_id,
  user_id,
  identity_data,
  provider,
  last_sign_in_at,
  created_at,
  updated_at
)
VALUES 
  (
    '00000000-0000-0000-0000-000000000001',
    '00000000-0000-0000-0000-000000000001', 
    '00000000-0000-0000-0000-000000000001', 
    '{"sub":"00000000-0000-0000-0000-000000000001","email":"rayan@etra.sa","email_verified":true}', 
    'email', 
    now(), 
    now(), 
    now()
  ),
  (
    '00000000-0000-0000-0000-000000000002',
    '00000000-0000-0000-0000-000000000002', 
    '00000000-0000-0000-0000-000000000002', 
    '{"sub":"00000000-0000-0000-0000-000000000002","email":"laujeen@etra.sa","email_verified":true}', 
    'email', 
    now(), 
    now(), 
    now()
  ),
  (
    '00000000-0000-0000-0000-000000000003',
    '00000000-0000-0000-0000-000000000003', 
    '00000000-0000-0000-0000-000000000003', 
    '{"sub":"00000000-0000-0000-0000-000000000003","email":"shaza@etra.sa","email_verified":true}', 
    'email', 
    now(), 
    now(), 
    now()
  ),
  (
    '00000000-0000-0000-0000-000000000004',
    '00000000-0000-0000-0000-000000000004', 
    '00000000-0000-0000-0000-000000000004', 
    '{"sub":"00000000-0000-0000-0000-000000000004","email":"raghad@etra.sa","email_verified":true}', 
    'email', 
    now(), 
    now(), 
    now()
  );

-- ── 3. Insert Training Weeks
INSERT INTO public.training_weeks (id, week_number, title_ar, title_en, description_ar, is_locked, unlock_date)
VALUES
  ('11111111-1111-1111-1111-111111111111', 1, 'الأساسيّات ومفاهيم الدعم الفني العامّة', 'Week 1: Fundamentals of Technical Support', 'تأسيس شامل في مفاهيم الدعم الفني، وعتاد الحاسوب وتجميعه والتعرف على الأعطال الشائعة.', false, null),
  ('11111111-1111-1111-1111-111111111112', 2, 'أنظمة التشغيل وتثبيت البرمجيات وإعدادها', 'Week 2: Operating Systems & Software Setup', 'طريقة تثبيت وإعداد أنظمة التشغيل المختلفة وخصوصاً Windows 10/11 وإدارة الصلاحيات والمستخدمين.', false, null),
  ('11111111-1111-1111-1111-111111111113', 3, 'شبكات الحاسب وصيانتها واستكشاف مشكلاتها', 'Week 3: Computer Networks & Troubleshooting', 'فهم بروتوكول TCP/IP، وإعداد العناوين ومعدات الشبكة، وكيفية استخدام أدوات الفحص وحل مشكلات الاتصال.', false, null),
  ('11111111-1111-1111-1111-111111111114', 4, 'نظام إدارة التذاكر والتعامل الاحترافي مع العملاء', 'Week 4: Helpdesk Ticket Management & Soft Skills', 'التدريب على استقبال التذاكر وتحليلها وتصنيفها وحلها وفق اتفاقية مستوى الخدمة (SLA)، ومهارات التواصل الفعال.', false, null);

-- ── 4. Insert Modules
INSERT INTO public.modules (id, week_id, title_ar, title_en, description_ar, order_index)
VALUES
  ('22222222-2222-2222-2222-222222222221', '11111111-1111-1111-1111-111111111111', 'مفهوم الدعم الفني وأدوار الدعم التقني', 'Introduction & Support Roles', 'دراسة أهمية الدعم الفني في الشركات وهيكل فريق الدعم.', 1),
  ('22222222-2222-2222-2222-222222222222', '11111111-1111-1111-1111-111111111111', 'عتاد الحاسب الآلي والمكونات الداخلية للأجهزة', 'Computer Hardware & Core Assembly', 'تحديد وفحص وتجميع القطع الداخلية وتحديثها.', 2),
  ('22222222-2222-2222-2222-222222222223', '11111111-1111-1111-1111-111111111112', 'تثبيت وإعداد نظام Windows 10/11 وإدارته', 'Windows Installation & Admin Management', 'تثبيت نظيف لويندوز، إعداد حسابات الموظفين وإدارة الصلاحيات وتفعيل جدار الحماية.', 1),
  ('22222222-2222-2222-2222-222222222224', '11111111-1111-1111-1111-111111111113', 'مبادئ الشبكات وإعداد عناوين الـ IP وأدوات الفحص', 'Networking Principles & IP Tools', 'تعلم تقسيم الشبكات وفهم الـ DNS والـ DHCP، واستخدام سطر الأوامر لتشخيص أعطال الشبكة.', 1),
  ('22222222-2222-2222-2222-222222222225', '11111111-1111-1111-1111-111111111114', 'دورة حياة التذكرة الفنية والتعامل مع طلبات الموظفين', 'Ticket Lifecycle & User Support', 'محاكاة كاملة لاستقبال التذاكر وتحديث حالتها وحلها وتقييم الرضا.', 1);

-- ── 5. Insert Lessons
INSERT INTO public.lessons (id, module_id, title_ar, title_en, content_ar, video_url, duration_minutes, order_index, is_published, objectives_ar, practical_activity_ar)
VALUES
  (
    '33333333-3333-3333-3333-333333333331', 
    '22222222-2222-2222-2222-222222222221', 
    'مفهوم الدعم الفني ومستوياته (L1, L2, L3)', 
    'Support Concepts & Levels', 
    'يتناول هذا الدرس الهيكل التنظيمي لقسم الدعم التقني في المنشآت والفرق بين مستويات الدعم المختلفة:\n- الدعم من المستوى الأول (L1): استقبال البلاغات وتصنيفها وحل المشكلات البسيطة مثل إعادة تعيين كلمة المرور.\n- الدعم من المستوى الثاني (L2): حل المشكلات التقنية الأكثر تعقيداً مثل أعطال البرمجيات وتثبيت الأنظمة.\n- الدعم من المستوى الثالث (L3): يختص بالمشكلات البرمجية العميقة أو البنية التحتية ويتم بالتنسيق مع المطورين أو مهندسي الشبكات الكبار.', 
    'https://www.w3schools.com/html/mov_bbb.mp4', 
    15, 
    1, 
    true, 
    'فهم أدوار مستويات الدعم وهيكلية الأقسام التقنية.', 
    'قم برسم مخطط يوضح مسار تذكرة تبدأ من بلاغ مستخدم وتنتهي بحلها في المستوى الثاني.'
  ),
  (
    '33333333-3333-3333-3333-333333333332', 
    '22222222-2222-2222-2222-222222222221', 
    'المهارات الأساسية لأخصائي الدعم الفني التقني', 
    'Core Technical Support Skills', 
    'يتعلم المتدرب في هذا الدرس المهارات التقنية وغير التقنية (Soft Skills) المطلوبة للنجاح في سوق العمل:\n- مهارات الاستماع الفعال وطرح الأسئلة الذكية لتشخيص العطل الفعلي.\n- كيفية توثيق الحلول وبناء قاعدة المعرفة (Knowledge Base).\n- إدارة الوقت وتحديد أولويات المشاكل بناءً على الأثر والسرعة المطلوبة للتجاوب.', 
    'https://www.w3schools.com/html/mov_bbb.mp4', 
    20, 
    2, 
    true, 
    'اكتساب مهارة كتابة التقارير وتشخيص المشاكل بدقة.', 
    'كتابة تقرير توثيقي لحل مشكلة توقف مفاجئ لجهاز موظف.'
  ),
  (
    '33333333-3333-3333-3333-333333333333', 
    '22222222-2222-2222-2222-222222222222', 
    'مكونات اللوحة الأم (Motherboard) والمعالج (CPU)', 
    'Motherboard & CPU Analysis', 
    'شرح مفصل لمكونات اللوحة الأم:\n- منافذ الذاكرة العشوائية (RAM Slots).\n- مقبس المعالج (CPU Socket).\n- موصلات الطاقة ومنافذ التوسعة (PCIe).\n- كيفية اختيار اللوحة الأم المتوافقة مع المعالج ونوع الذاكرة.', 
    'https://www.w3schools.com/html/mov_bbb.mp4', 
    25, 
    1, 
    true, 
    'التعرف على اللوحة الأم وتوافق القطع الداخلية.', 
    'باستخدام المحاكي، قم بتركيب المعالج في المقبس وتثبيت المبرد بشكل صحيح.'
  ),
  (
    '33333333-3333-3333-3333-333333333334', 
    '22222222-2222-2222-2222-222222222222', 
    'صيانة وفحص الذاكرة العشوائية (RAM) ووحدات التخزين', 
    'RAM & Storage Troubleshooting', 
    'التعرف على أنواع وحدات التخزين (HDD vs SSD vs NVMe) والذاكرة العشوائية DDR4/DDR5 وكيفية تشخيص أعطالها:\n- أعراض تلف الذاكرة (صفارات الخطأ عند الإقلاع، الشاشة الزرقاء المتكررة).\n- استخدام أدوات فحص القرص الصلب وتحديد القطاعات التالفة (Bad Sectors).', 
    'https://www.w3schools.com/html/mov_bbb.mp4', 
    30, 
    2, 
    true, 
    'تشخيص أعطال الرام والأقراص الصلبة وصيانتها.', 
    'تشغيل أداة فحص الذاكرة لويندوز وتفسير النتائج.'
  ),
  (
    '33333333-3333-3333-3333-333333333335', 
    '22222222-2222-2222-2222-222222222223', 
    'تثبيت نظام ويندوز 10/11 وإعداد حسابات الموظفين', 
    'Windows Installation & Accounts', 
    'شرح طريقة إعداد فلاش ميموري للإقلاع وتثبيت ويندوز بشكل نظيف، بالإضافة إلى:\n- إنشاء حسابات مستخدمين محليين وأعضاء في المجموعات (Administrators vs Standard Users).\n- إعداد الصلاحيات على المجلدات وتأمين الملفات باستخدام نظام NTFS.', 
    'https://www.w3schools.com/html/mov_bbb.mp4', 
    30, 
    1, 
    true, 
    'تثبيت نظام التشغيل وإدارة صلاحيات الموظفين بشكل آمن.', 
    'إنشاء حساب مستخدم قياسي جديد باسم (EtraUser) ومنعه من الوصول لملفات النظام.'
  ),
  (
    '33333333-3333-3333-3333-333333333336', 
    '22222222-2222-2222-2222-222222222224', 
    'بروتوكول TCP/IP وإعداد العناوين يدوياً وتلقائياً', 
    'TCP/IP & IP Addressing', 
    'دراسة عناوين IP وقناع الشبكة (Subnet Mask) والبوابة الافتراضية (Default Gateway):\n- الفرق بين إعداد العنوان يدوياً (Static IP) وتلقائياً عبر الـ DHCP.\n- فهم دور الـ DNS في تحويل أسماء النطاقات إلى عناوين IP.', 
    'https://www.w3schools.com/html/mov_bbb.mp4', 
    25, 
    1, 
    true, 
    'تكوين إعدادات اتصال الشبكة يدوياً وتلقائياً.', 
    'تغيير إعدادات الشبكة لجهازك لتستقبل عنوان IP ثابت متوافق مع شبكة المكتب.'
  ),
  (
    '33333333-3333-3333-3333-333333333337', 
    '22222222-2222-2222-2222-222222222225', 
    'إدارة دورة حياة التذاكر الفنية وحساب أوقات الـ SLA', 
    'Ticket Lifecycle & SLA Calculations', 
    'يتناول هذا الدرس العملي طريقة استقبال البلاغات وتوثيقها بالتفصيل:\n- تصنيف التذاكر (برمجيات، عتاد، شبكات، حسابات).\n- تحديد الأولوية (حرجة، عالية، متوسطة، منخفضة) وفقاً للأثر على العمل.\n- حساب وقت الاستجابة ووقت الحل المعتمد في اتفاقية مستوى الخدمة (SLA).', 
    'https://www.w3schools.com/html/mov_bbb.mp4', 
    20, 
    1, 
    true, 
    'العمل باحترافية وفق معايير الدعم الفني العالمية وحساب مؤشرات الأداء.', 
    'معالجة تذكرة جديدة وإحالتها للمستوى الثاني وتحديث حالتها إلى (قيد التحليل).'
  );

-- ── 6. Insert Quizzes
INSERT INTO public.quizzes (id, module_id, title_ar, passing_score, time_limit_minutes, max_attempts, is_randomized, show_feedback, is_published)
VALUES
  ('44444444-4444-4444-4444-444444444441', '22222222-2222-2222-2222-222222222221', 'اختبار مفاهيم الدعم الفني ومستوياته', 70, 10, 3, false, true, true),
  ('44444444-4444-4444-4444-444444444442', '22222222-2222-2222-2222-222222222222', 'اختبار تجميع وصيانة عتاد الحاسب الآلي', 80, 15, 3, false, true, true),
  ('44444444-4444-4444-4444-444444444443', '22222222-2222-2222-2222-222222222223', 'اختبار تثبيت ويندوز وإدارة الصلاحيات', 70, 10, 3, false, true, true),
  ('44444444-4444-4444-4444-444444444444', '22222222-2222-2222-2222-222222222224', 'اختبار إعدادات الشبكة وتشخيص الأعطال', 80, 15, 3, false, true, true);

-- ── 7. Insert Quiz Questions
INSERT INTO public.quiz_questions (id, quiz_id, question_text_ar, question_type, scenario_context_ar, points, order_index)
VALUES
  -- Quiz 1 Questions
  (
    '55555555-5555-5555-5555-555555555511', 
    '44444444-4444-4444-4444-444444444441', 
    'موظف يواجه مشكلة في نسيان كلمة المرور الخاصة بجهازه. أي من مستويات الدعم الفني يجب أن يتولى هذه التذكرة بشكل رئيسي؟', 
    'scenario', 
    'سيناريو: استقبال مكالمة عاجلة من موظف الإدارة المالية يطلب إعادة تعيين كلمة المرور فوراً لبدء الرواتب.', 
    10, 
    1
  ),
  (
    '55555555-5555-5555-5555-555555555512', 
    '44444444-4444-4444-4444-444444444441', 
    'يتكون الدعم الفني L2 من خبراء الشبكات ومطوري النظام الأصليين فقط.', 
    'truefalse', 
    null, 
    5, 
    2
  ),
  (
    '55555555-5555-5555-5555-555555555513', 
    '44444444-4444-4444-4444-444444444441', 
    'رتب خطوات تشخيص عطل فني بشكل منطقي من البداية إلى الحل والتوثيق:', 
    'ordering', 
    'ترتيب الخطوات الصحيحة لحل المشاكل التقنية.', 
    10, 
    3
  ),
  -- Quiz 2 Questions
  (
    '55555555-5555-5555-5555-555555555521', 
    '44444444-4444-4444-4444-444444444442', 
    'عند تشغيل جهاز حاسب آلي، تسمع صفارات متقطعة سريعة ولا تظهر أي صورة على الشاشة. ما هو المكون الداخلي المرجح تسببه في هذه المشكلة؟', 
    'scenario', 
    'سيناريو: جهاز مكتب تم نقله لمكتب جديد، وعند التشغيل تظهر صفارات إنذار متكررة مع شاشة سوداء.', 
    10, 
    1
  );

-- ── 8. Insert Quiz Options
INSERT INTO public.quiz_options (id, question_id, option_text_ar, is_correct, explanation_ar, order_index)
VALUES
  -- Quiz 1 Q1 Options
  ('66666666-6666-6666-6666-666666666111', '55555555-5555-5555-5555-555555555511', 'الدعم من المستوى الأول (L1)', true, 'إعادة تعيين كلمات المرور هي مهمة روتينية وتصنف كدعم مستوى أول L1.', 1),
  ('66666666-6666-6666-6666-666666666112', '55555555-5555-5555-5555-555555555511', 'الدعم من المستوى الثاني (L2)', false, 'المستوى الثاني يختص بالأعطال البرمجية والعتادية التي تتطلب زيارة أو فحص أعمق.', 2),
  ('66666666-6666-6666-6666-666666666113', '55555555-5555-5555-5555-555555555511', 'الدعم من المستوى الثالث (L3)', false, 'المستوى الثالث يختص بأعطال السيرفرات والتعديل البرمجي على الأنظمة.', 3),
  
  -- Quiz 1 Q2 Options
  ('66666666-6666-6666-6666-666666666121', '55555555-5555-5555-5555-555555555512', 'خطأ', true, 'الدعم L2 يضم فنيين مختصين بالدعم الميداني وصيانة القطع وتثبيت البرمجيات، بينما L3 هو الذي يضم المطورين ومهندسي البنية التحتية.', 1),
  ('66666666-6666-6666-6666-666666666122', '55555555-5555-5555-5555-555555555512', 'صح', false, 'الدعم L3 هو الذي يحتوي على مهندسي السيرفرات والمطورين.', 2),

  -- Quiz 1 Q3 Options (Ordering)
  ('66666666-6666-6666-6666-666666666131', '55555555-5555-5555-5555-555555555513', '1. جمع المعلومات وسؤال المستخدم وتحديد المشكلة بدقة', true, null, 1),
  ('66666666-6666-6666-6666-666666666132', '55555555-5555-5555-5555-555555555513', '2. صياغة فرضيات حول سبب المشكلة واختبارها تدريجياً', true, null, 2),
  ('66666666-6666-6666-6666-666666666133', '55555555-5555-5555-5555-555555555513', '3. تطبيق الحل المناسب للفرضية الناجحة والتحقق من زوال العطل', true, null, 3),
  ('66666666-6666-6666-6666-666666666134', '55555555-5555-5555-5555-555555555513', '4. توثيق المشكلة وحلها في قاعدة البيانات الفنية لتسريع حلها مستقبلاً', true, null, 4),

  -- Quiz 2 Q1 Options
  ('66666666-6666-6666-6666-666666666211', '55555555-5555-5555-5555-555555555521', 'الذاكرة العشوائية (RAM) — قد تكون تحركت من مكانها أو تالفة', true, 'الصفارات المتقطعة المتكررة والشاشة السوداء تشير في الغالب إلى مشكلة في فحص الذاكرة (RAM Check) أثناء عملية الإقلاع الذاتي الـ POST.', 1),
  ('66666666-6666-6666-6666-666666666212', '55555555-5555-5555-5555-555555555521', 'القرص الصلب (HDD/SSD)', false, 'مشاكل القرص الصلب تظهر رسالة على الشاشة مثل No Boot Device found ولا تعطي صفارات متواصلة.', 2),
  ('66666666-6666-6666-6666-666666666213', '55555555-5555-5555-5555-555555555521', 'مزود الطاقة (Power Supply)', false, 'عطل مزود الطاقة يجعل الجهاز لا يقلع ولا يصدر أي صوت أو إضاءة إطلاقاً.', 3);

-- ── 9. Insert Assignments
INSERT INTO public.assignments (id, week_id, title_ar, instructions_ar, due_date, max_score, submission_type, is_published)
VALUES
  (
    '77777777-7777-7777-7777-777777777771', 
    '11111111-1111-1111-1111-111111111111', 
    'الواجب الأول: تحديد عتاد جهاز مكتب وتوثيق الأعطال', 
    'المطلوب في هذا الواجب هو كتابة تقرير فني من صفحتين يتناول:\n1. مواصفات جهاز مكتبي متكامل مناسب لموظف خدمة عملاء (المعالج، الرام، التخزين، المذربرد).\n2. تحديد 3 أعراض مختلفة تشير إلى تلف الرام أو مزود الطاقة أو ارتفاع حرارة المعالج، وكيفية التعامل مع كل حالة.\nيرجى تسليم التقرير بصيغة نصية أو إرفاق ملف PDF.', 
    now() + interval '3 days', 
    100, 
    'both', 
    true
  ),
  (
    '77777777-7777-7777-7777-777777777772', 
    '11111111-1111-1111-1111-111111111112', 
    'الواجب الثاني: إعداد صلاحيات نظام ويندوز وخطة النسخ الاحتياطي', 
    'قم بوصف الخطوات التفصيلية بالصور لإنشاء مستخدم محلي وإضافة الصلاحيات للمجلدات في نظام Windows باستخدام نظام الملفات NTFS. حدد ما هو المجلد المشترك وكيفية تشفير ملفات المستخدم.', 
    now() + interval '10 days', 
    100, 
    'text', 
    true
  );

-- ── 10. Insert Tickets
-- We seed some ticket scenarios that the trainees will see and troubleshoot.
INSERT INTO public.tickets (
  id,
  ticket_number,
  title_ar,
  description_ar,
  requester_name,
  requester_department,
  device_name,
  category,
  priority,
  status,
  assigned_to,
  created_by,
  due_date,
  expected_diagnosis_ar,
  expected_steps_ar,
  expected_resolution_ar,
  grading_rubric_ar
)
VALUES
  (
    '88888888-8888-8888-8888-888888888881', 
    101, 
    'شاشة زرقاء متكررة (BSOD) عند تشغيل التطبيقات الثقيلة', 
    'السلام عليكم، يظهر لي شريط خطأ أزرق برمز WHEA_UNCORRECTABLE_ERROR ويعيد الجهاز التشغيل فجأة أثناء العمل على برامج التصميم. هذا يعطل عملي اليومي بشكل كامل.', 
    'سارة خالد', 
    'التصميم الجرافيكي', 
    'ETRA-DSG-05', 
    'hardware', 
    'critical', 
    'assigned', 
    '00000000-0000-0000-0000-000000000002', 
    '00000000-0000-0000-0000-000000000002', 
    now() + interval '1 day',
    'ارتفاع درجة حرارة المعالج بسبب تلف المبرد أو عطل في الذاكرة العشوائية (RAM).', 
    '1. فتح الجهاز وتنظيف المروحة.\n2. تغيير المعجون الحراري للمعالج.\n3. إجراء فحص للذاكرة بأداة Windows Memory Diagnostic.', 
    'تنظيف المبرد وتغيير المعجون الحراري يحل مشكلة ارتفاع الحرارة نهائياً.', 
    'تشخيص الحرارة: 30 درجة، خطوات الفحص: 40 درجة، طريقة الحل والتوثيق: 30 درجة.'
  ),
  (
    '88888888-8888-8888-8888-888888888882', 
    102, 
    'تعذر الاتصال بالطابعة الشبكية المشتركة في القسم', 
    'نحاول طباعة العقود والمستندات اليومية ولكن تظهر رسالة خطأ بأن الطابعة غير متصلة بالشبكة، رغم أن اللمبة خضراء في جهاز الطابعة نفسه.', 
    'عبد الرحمن النجار', 
    'الموارد البشرية', 
    'HP-LJ-M402DN', 
    'printer', 
    'medium', 
    'new', 
    null, 
    null, 
    now() + interval '3 days',
    'تغير عنوان IP الخاص بالطابعة أو تعطل خادم الـ DHCP في إعطاء عنوان صحيح.', 
    '1. طباعة صفحة معلومات الطابعة لمعرفة عنوان الـ IP الحالي.\n2. عمل Ping للعنوان للتأكد من وصول الشبكة له.\n3. إعادة إضافة الطابعة في أجهزة الموظفين بالعنوان الجديد.', 
    'تثبيت عنوان IP ثابت (Static IP) للطابعة في الشبكة لتفادي تغيره مستقبلاً.', 
    'فحص IP الطابعة: 40 درجة، اختبار الاتصال Ping: 30 درجة، تثبيت الـ IP: 30 درجة.'
  ),
  (
    '88888888-8888-8888-8888-888888888883', 
    103, 
    'انقطاع تام للإنترنت والوصول للمجلد المشترك في قسم المحاسبة', 
    'توقف الاتصال فجأة بالإنترنت ولا نستطيع الوصول لنظام السيرفر المشترك لعرض القيود، تظهر علامة تعجب صفراء على أيقونة الشبكة أسفل الشاشة.', 
    'سهام الشمراني', 
    'المالية والمحاسبة', 
    'ETRA-ACC-11', 
    'network', 
    'high', 
    'analyzing', 
    '00000000-0000-0000-0000-000000000003', 
    '00000000-0000-0000-0000-000000000003', 
    now() + interval '2 days',
    'عدم حصول الجهاز على إعدادات IP صحيحة من الـ DHCP (عنوان 169.254.x.x - APIPA) أو فصل كابل الشبكة.', 
    '1. فحص الكابل والتأكد من إضاءة منفذ الشبكة.\n2. استخدام ipconfig لمعرفة العنوان الحالي.\n3. تشغيل الأوامر ipconfig /release ثم ipconfig /renew لتجديد العنوان.', 
    'توصيل الكيبل وإعادة تجديد عنوان IP يحل مشكلة الاتصال فوراً.', 
    'فحص الكيبل و ipconfig: 40 درجة، تجديد الـ IP بالأوامر: 40 درجة، توثيق الحل: 20 درجة.'
  );

-- ── 11. Insert Ticket Updates
INSERT INTO public.ticket_updates (id, ticket_id, author_id, update_type, content_ar, is_internal, old_status, new_status)
VALUES
  ('99999999-9999-9999-9999-999999999801', '88888888-8888-8888-8888-888888888881', '00000000-0000-0000-0000-000000000001', 'assignment', 'تم إسناد التذكرة للمتدربة لوجين محمد للبدء بالفحص الميداني للجهاز وتحديد العطل.', false, 'new', 'assigned'),
  ('99999999-9999-9999-9999-999999999802', '88888888-8888-8888-8888-888888888883', '00000000-0000-0000-0000-000000000001', 'status_change', 'بدأت المتدربة شذى بفحص إعدادات السويتش وفحص عنوان الـ IP للجهاز.', false, 'new', 'analyzing');

-- ── 12. Insert Announcements
INSERT INTO public.announcements (id, title_ar, content_ar, type, created_by, published_at, is_published)
VALUES
  (
    '99999999-9999-9999-9999-999999999901', 
    'بدء البرنامج التدريبي التقني الميداني بمنصة إترا للتدريب التقني', 
    'نرحب بجميع المتدربات في بداية البرنامج التدريبي التقني المكثف. سيغطي البرنامج المهارات الفنية الأكثر طلباً في سوق العمل في الدعم الفني وصيانة الأنظمة والشبكات وإدارة التذاكر.', 
    'normal', 
    '00000000-0000-0000-0000-000000000001', 
    now() - interval '2 days', 
    true
  ),
  (
    '99999999-9999-9999-9999-999999999902', 
    'تمديد موعد تسليم واجب الأسبوع الأول', 
    'نظراً لوجود بعض الاستفسارات حول تجميع عتاد الأجهزة وتوثيق الأعطال، فقد قررت إدارة التدريب تمديد فترة تسليم الواجب حتى يوم السبت القادم لمنح الجميع الفرصة الكافية للتطبيق العملي وتوثيق الخطوات بشكل ممتاز.', 
    'urgent', 
    '00000000-0000-0000-0000-000000000001', 
    now() - interval '1 hour', 
    true
  ),
  (
    '99999999-9999-9999-9999-999999999903', 
    'تنبيه هام بشأن الحضور والغياب اليومي', 
    'نود تذكير جميع المتدربات بضرورة الالتزام بتسجيل الحضور اليومي في وقته المحدد، حيث يؤثر الانضباط مباشرة على تقييم الأداء النهائي للبرنامج.', 
    'important', 
    '00000000-0000-0000-0000-000000000001', 
    now() - interval '22 hours', 
    true
  );

-- ── 13. Insert Attendance
INSERT INTO public.attendance (id, trainee_id, date, week_number, session_type, status, notes, recorded_by)
VALUES
  ('99999999-9999-9999-9999-999999999701', '00000000-0000-0000-0000-000000000002', CURRENT_DATE - 3, 1, 'inperson', 'present', '', '00000000-0000-0000-0000-000000000001'),
  ('99999999-9999-9999-9999-999999999702', '00000000-0000-0000-0000-000000000002', CURRENT_DATE - 2, 1, 'inperson', 'present', '', '00000000-0000-0000-0000-000000000001'),
  ('99999999-9999-9999-9999-999999999703', '00000000-0000-0000-0000-000000000002', CURRENT_DATE - 1, 1, 'remote', 'present', '', '00000000-0000-0000-0000-000000000001'),
  
  ('99999999-9999-9999-9999-999999999704', '00000000-0000-0000-0000-000000000003', CURRENT_DATE - 3, 1, 'inperson', 'present', '', '00000000-0000-0000-0000-000000000001'),
  ('99999999-9999-9999-9999-999999999705', '00000000-0000-0000-0000-000000000003', CURRENT_DATE - 2, 1, 'inperson', 'late', 'تأخرت 10 دقائق بعذر مقبول', '00000000-0000-0000-0000-000000000001'),
  ('99999999-9999-9999-9999-999999999706', '00000000-0000-0000-0000-000000000003', CURRENT_DATE - 1, 1, 'remote', 'present', '', '00000000-0000-0000-0000-000000000001'),

  ('99999999-9999-9999-9999-999999999707', '00000000-0000-0000-0000-000000000004', CURRENT_DATE - 3, 1, 'inperson', 'present', '', '00000000-0000-0000-0000-000000000001'),
  ('99999999-9999-9999-9999-999999999708', '00000000-0000-0000-0000-000000000004', CURRENT_DATE - 2, 1, 'inperson', 'present', '', '00000000-0000-0000-0000-000000000001'),
  ('99999999-9999-9999-9999-999999999709', '00000000-0000-0000-0000-000000000004', CURRENT_DATE - 1, 1, 'remote', 'absent', 'غياب بدون عذر', '00000000-0000-0000-0000-000000000001');

-- ── 14. Insert Grades
INSERT INTO public.grades (id, trainee_id, week_number, lessons_score, quizzes_score, assignments_score, tickets_score, attendance_score, total_score, notes_ar)
VALUES
  ('99999999-9999-9999-9999-999999999601', '00000000-0000-0000-0000-000000000002', 1, 100, 95, 0, 0, 100, 39, 'أداء متميز وتفاعل كبير في نقاش عتاد الأجهزة ومستويات الدعم.'),
  ('99999999-9999-9999-9999-999999999602', '00000000-0000-0000-0000-000000000003', 1, 50, 80, 0, 0, 90, 36.5, 'تفاعل متوسط، يرجى استكمال مشاهدة بقية الدروس والالتزام بالحضور.'),
  ('99999999-9999-9999-9999-999999999603', '00000000-0000-0000-0000-000000000004', 1, 50, 60, 0, 0, 66.6, 29.1, 'يرجى مراجعة إدارة التدريب لتوضيح غيابك المتكرر وتحسين درجات الكويز.');
